{"a": 6.327829109082449, "b": 8.24965325630833, "created_by": "calibrate_win_prob.py"}